,,,,,,
,Meses,,,,,
,,,,,,
,Janeiro,,,,,
,Semana,Tipo,Tema,Nome do filme,Pessoa,Leg/Dub
,05 a 11,Curadoria,Curadoria,A chave magica,Pedro,Dub
,12 a 18,Sorteio,Fime europeu,Adeus Lenin,Ricardo,Leg
,19 a 25,Sorteio,Anime,Akira,Felipe P.,Dub
,26 a 31,Surpresa,Surpresa,Kung Fu Futebol Clube,Ricardo,Dub
,,,,,,
,Fevereiro,,,,,
,Semana,Tipo,Tema,Nome do filme,Pessoa,Leg/Dub
,02 a 08,Curadoria,Curadoria,Scarface,Felipe P,Leg
,09 a 15,Sorteio,Filme Politico,Getúlio,Felipe P,Dub
,16 a 22,Sorteio,Filme ganhador de Oscar,Onde os Fracos não tem Vez (2007),Renan,Leg
,23 a 28,Surpresa,Surpresa,Nausicaa do vale do vento,Ana,Dub
,,,,,,
,Março,,,,,
,Semana,Tipo,Tema,Nome do filme,Pessoa,Leg/Dub
,02 a 08,Curadoria,Curadoria,Cidade das Sombras,Renan,Leg
,09 a 15,Sorteio,Filme Parodia,Apertem os Cintos... O Piloto Sumiu,Renan,Dub
,16 a 22,Sorteio,Filme de Estudio (-Gigantes),No Ritmo do Coração,Ricardo,Leg
,23 a 29,Sorteio,Filmes da Decada de 90,Mudança de Habito,Ana,Leg
,30 a 31,Surpresa,Surpresa,Boleiros 2 - Vencedores e Vencidos,Rafinha,Dub
,,,,,,
,Abril,,,,,
,Semana,Tipo,Tema,Nome do filme,Pessoa,Leg/Dub
,06 a 12,Curadoria,Curadoria,Um corpo que cai,Renan,Leg
,13 a 19,Sorteio,Filme de cabeludo,Dificil de matar,Ricardo,Dub
,20 a 26,Sorteio,Protagonista não é humano,Paul - O Alien Fugitivo,Renan,Dub
,27 a 30,Surpresa,Surpresa,Corra que a Polícia Vem Aí!,Edimar,Dub
,,,,,,
,Maio,,,,,
,Semana,Tipo,Tema,Nome do filme,Pessoa,Leg/Dub
,04 a 10,Curadoria,Curadoria,O fantástico Senhor raposo,Pedro,Dub
,11 a 17,Sorteio,,,,
,18 a 24,Sorteio,Filme de comida,Ratatouille,Ricardo,Dub
,25 a 31,Surpresa,,,,
,,,,,,
,Junho,,,,,
,Semana,Tipo,Tema,Nome do filme,Pessoa,Leg/Dub
,1 a 7,Curadoria,Curadoria,O Grande Hotel Budapeste,Pedro,Dub
,8 a 14,Descanso,,,,
,15 a 21,Sorteio,Filme de Amizade,Ted 1,Felipe,Dub
,22 a 28,Descanso,,,,
,29 a 30,Surpresa,Surpresa,Os Pecadores,Renan,Leg
,,,,,,
,Julho,,,,,
,Semana,Tipo,Tema,Nome do filme,Pessoa,Leg/Dub
,06 a 12,Curadoria,Curadoria,Sonic 3,Pedro,Dub
,13 a 19,Sorteio,,,,
,20 a 26,Sorteio,Filme Europeu,A Onda (Alemão),Felipe,Leg
,27 a 31,Surpresa,,,,
,,,,,,
,Agosto,,,,,
,Semana,Tipo,Tema,Nome do filme,Pessoa,Leg/Dub
,3 a 9,Aniversario,Brucutu,Rambo: Programado para matar (1982),Renan,Dub
,10 a 16,Aniversario,Chapéu Icônico,Indiana Jones e a Última Cruzada,Renan,Dub
,17 a 23,Aniversario,Sequência,Rocky 2,Felipe,Dub
,24 a 30,Aniversario,Vale a pena ver de novo (2021),Homem-aranha 2,Renan,Dub
,30,Descanso,,,,
,,,,,,
,Setembro,,,,,
,Semana,Tipo,Tema,Nome do filme,Pessoa,Leg/Dub
,07 a 13,Curadoria,Curadoria,Incêndios (2010),Renan,Leg
,14 a 20,Sorteio,Descanso,,,
,21 a 27,Sorteio,Super Heroi,Superman - O Filme (1978),Felipe P.,Dub
,28 a 30,Surpresa,Descanso,,,
,,,,,,
,Outubro,,,,,
,Semana,Tipo,Tema,Nome do filme,Pessoa,Leg/Dub
,05 a 11,Curadoria,Curadoria,Superman II -  A aventura continua,Felipe P.,Dub
,12 a 18,Sorteio,Descanso,,,
,19 a 25,Sorteio,Nicolas Cage,O aprediz de feiticeiro,Renan,Dub
,26 a 31,Surpresa,Descanso,,,
,,,,,,
,Novembro,,,,,
,Semana,Tipo,Tema,Nome do filme,Pessoa,Leg/Dub
,02 a 8,Curadoria,Curadoria/Helloween,A Familia Addams,Pedro,Dub
,09 a 15,Sorteio,,,,
,16 a 22,Sorteio,Natal,Esqueceram de Mim,Felipe,Dub
,23 a 29,Sorteio,,,,
,30,Surpresa,,,Pedro,