Meses,,,,,,,,,,,,,,
Janeiro,,,,,,,,,,,,,,
Semana,Tema,Filme,Pessoa,,,,,,,,,,,
07-13,Curadoria,O Auto da Compadecida,Gabriel,,Fernanda Montenegro,,,,,,,,,
14-20,Brucutu,Stalone Cobra,Pedro,,stalone,,,,,,,,,
21-27,Preto e Branco,Frankweenie,Tiago,,cachorro,,,,,,,,,Treinar inteligencia artifical para recomendar filmes
28-31,Surpresa,Homem da Terra,Renan,,-,,,,,,,,,
Fevereiro,,,,,,,,,,,,,,
Semana,Tema,Filme,Pessoa,,,,,,,,,,,
04-10,Curadoria,Clube dos Cinco,Rafinha,,x,,,,,,,,,
11-17,Filme de Robo,Blade Runner 2049,Mestre,,Ryan gosling,,,,,,,,,
18-24,Filme de Careca,Os Doze Macacos,Renan,,Vruce Willis,,,,,,,,,
25-29,Surpresa,Mirai do futuro,Linda,,,,,Ator,Atriz,Criatura,Personagem,,,
Março,,,,,,,,Stalone,Fernanda Montenegro,cachorro - Frankwinnie,Batman,,,
Semana,Tema,Filme,Pessoa,,,,,Ryan gosling,Fernanda Torres,Minhocona - Duna,Jão Grillo/Chico,,,
03-09,Curadoria,Dredd,Gabriel,,,,,Will Smith,Emely Baldoni,Didi (Duas Formas),Senna,,,
10-16,Filme Africano,Drum - Gritos de Revolta,Tiago,,,,,Jack Black,Wionna Ryder,Mewtwo,Che,,,
17-23,Filme de Brucutu,Bad Boys,Tiago,,Will Smith,,,Tom Cruise,Rosa Salazar - Alitta,Banguela,Rocky,,,
24-30,Surpresa,Euro Trip,Ricado,,Matt Damon,,,Jim Carrey,Soledad Villamil,Geleia,Harry Potter,,,
Abril,,,,,,,,,,,,,,
Semana,Tema,Filme,Pessoa,,,,,,,,,,,
01-06,Curadoria,Monty Python Em Busca do Cálice Sagrado (1975),Pedro,,Cavaleiros,,,,,,,,,
07-13,Filme Soviético,"Amigo entre Inimigos, Inimigo entre Amigos (1974)",Felipe P,,x,,,,,,,,,
14-20,Filme de ET,MIB 1,Felipe P,,Will Smith/Alien,,,,,,,,,
21-27,Filme Oceania,Mad Max (1979),Linda,,Mel gibson,,,,,,,,,
28-30,Surpresa,Duna (1984),Mestre,,Minhocona,,,,,,,,,
Maio,,,,,,,,,,,,,,
Semana,Tema,Filme,Pessoa,,,,,,,,,,,
05-11,Curadoria,"Senna: O Brasileiro, O Herói, O Campeão",Ricardo,,Senna,,,,,,,,,
12-18,Romance,La La Land,Felipe P,,Ryan Gosling/Emma Stone,,,,,,,,,
19-25,Filme Ruim,Didi quer ser criança,Ricardo,,Didi/cosmo e daminhão,,,,,,,,,
26-31,Surpresa,Nacho Libre,Thiago,,Jack Black,,,,,,,,,
,,,,,,,,,,,,,,
,,,,,,,,,,,,,,
Junho,,,,,,,,,,,,,,
Semana,Tema,Filme,Pessoa,,,,,,,,,,,
02-08,Curadoria,Saneamento basico,Felipe P,,Wagner Moura/Fernanda Torres,,,,,,,,,
09-15,Ficção Cientifica,Gattaca,Ricardo,,,,,,,,,,,
16-22,Protagonistas Femininas,"Alita, anjo de combate",Pedro,,Rosa Salazar,,,,,,,,,
23-29,Surpresa,Anjos Caídos,Linda,,-,,,,,,,,,
,,,,,,,,,,,,,,
Julho,,,,,,,,,,,,,,
Semana,Tema,Filme,Pessoa,,,,,,,,,,,
01-06,Curadoria,Feitiço do Tempo (leg),Renan,,Bill Murray,,,,,,,,,
07-13,Musical,Escola do Rock (dub),Felipe P.,,Jack Black/Miranda Cogrove,,,,,,,,,
14-20,Filme de Amizade,Bad Boys 2 (dub),Ricardo,,will Smith,,,,,,,,,
21-27,Filme de Guerra,O Ultimo Samurai (leg),Gabriel,,Tom Cruise,,,,,,,,,
28-31,Surpresa,Che o Argentino,Edimar,,Che/Benicio del toro,,,,,,,,,
,,,,,,,,,,,,,,
Agosto,,,,,,,,,,,,,,
Semana,Tema,Filme,Pessoa,,,,,,,,,,,
04-10,O Filme Perfeito,Sniper americano (leg),Ricardo,,Bradley Coper,,,,,,,,,
11-17,"A Sequência que Merece ser vista", Rocky 4 versão do diretor (leg),Felipe P,,Stalone/Rocky,,,,,,,,,
18-24,"O Filme com chapéu Icônico da Galera", Harry Potter e a pedra filosofal (dub),Ricardo,,Harry/Ema Watson/Chapeu,,,,,,,,,
25-31,O Filme de Brucutu, Missão Impossivel (leg),Gabriel,,Tom Cruise,,,,,,,,,
,,,,,,,,,,,,,,
Setembro,,,,,,,,,,,,,,
Semana,Tema,Filme,Pessoa,,,,,,,,,,,
01-07,Curadoria,Seven (Leg),Felipe P.,,Caixa/Brad Bitt/Kevin Spacey,,,,,,,,,
08-14,Filme Americano(Exclui USA),Segredo dos seus olhos (leg),Ricardo,,Soledad Villamil,,,,,,,,,
15-21,Filme não original,As caça-fantasmas (dub),Ricardo,,Geleia,,,,,,,,,
22-28,Filme para Chorar,Edward mãos de tesoura (dub),Pedro,,Wionna Ryder,,,,,,,,,
29-05,Surpresa,Pokémon o filme (dub),Felipe P.,,Mewtwo,,,,,,,,,
,,,,,,,,,,,,,,
Outubro,,,,,,,,,,,,,,
Semana,Tema,Filme,Pessoa,,,,,,,,,,,
06-12,Curadoria,Batman - O Homem Morcego (Dub),Ricardo,,Batman,,,,,,,,,
13-19,Filme baseado em livro,Como treinar o seu dragão (Dub),Felipe P.,,Banguela,,,,,,,,,
20-26,Sequência,Ace Ventura 2 (Dub),Ricardo,,Jim Carry/Macaco,,,,,,,,,
27-02,Surpresa,Eles Não Usam Black-tie,Rafinha,,Guanieri/Fernada montenegro,,,,,,,,,
,,,,,,,,,,,,,,
Novembro,,,,,,,,,,,,,,
Semana,Tema,Filme,Pessoa,,,,,,,,,,,
03-09,Curadoria,Batman (1989) (leg),Ricardo,,Batman/Coringa/Jack Nilchones,,,,,,,,,
10-16,Autoestima,Flamin hot (leg),Ricardo,,,,,,,,,,,
17-23,Natal,O Grinch (dub),Pedro,,Grinch/Gulherme Briggs/Jim Carrey,,,,,,,,,
24-30,Surpresa,Coherence,Renan,,Emely Baldoni],,,,,,,,,